[
	{
        "name": "Step 1",
        "description": "This is step 1 description",
        "preview_url": "step1.jpg",
        "assets": 
        [
            {
                "name": "slide1",
                "media" : 
                {
                    "type" : 0, 
                    "url" : "slide1.jpg",
                    "description" : "Image1 description"
                },

                "transform" : 
                {
                    "position" : 
                    {
                        "x" : 0.0,
                        "y" : 0.0,
                        "z" : 0.0
                    },

                    "orientation":
                    {
                        "x" : 90.0,
                        "y" : 90.0,
                        "z" : 0.0
                    },

                    "scale" : 1.3
                },

                "hidden" : false
            },

            {
                "name": "hidden_part",
                "media" : 
                {
                    "type" : 0, 
                    "url" : "thumb.jpg",
                    "description" : "Hidden object"
                },

                "transform" : 
                {
                    "position" : 
                    {
                        "x" : 0.0,
                        "y" : 0.0,
                        "z" : 0.0
                    },

                    "orientation":
                    {
                        "x" : 0.0,
                        "y" : 0.0,
                        "z" : 0.0
                    },

                    "scale" : 1.0
                },

                "hidden" : true
            }
        ]
	},

    {
        "name": "Step 2",
        "description": "This is step 2 description",
        "preview_url": "slide2.jpg",
        "assets": 
        [
            {
                "name": "slide2",
                "media" : 
                {
                    "type" : 0, 
                    "url" : "slide2.jpg",
                    "description" : "Image2 description"
                },

                "transform" : 
                {
                    "position" : 
                    {
                        "x" : 1.0,
                        "y" : 0.0,
                        "z" : 0.0
                    },

                    "orientation":
                    {
                        "x" : 0.0,
                        "y" : 0.0,
                        "z" : 0.0
                    },

                    "scale" : 1.0
                },

                "hidden" : false
            }
        ]
    },

    {
        "name": "Model 1",
        "description": "This is 3D model description",
        "preview_url": "duck.jpg",
        "assets":
        [
            {
                "name": "duck_asset",
                "media" : 
                {
                    "type" : 3, 
                    "url" : "MallardDuck.gltf",
                    "description" : "3D model of duck"
                },

                "transform" : 
                {
                    "position" : 
                    {
                        "x" : 0.0,
                        "y" : 0.0,
                        "z" : 0.0
                    },

                    "orientation":
                    {
                        "x" : 0.0,
                        "y" : 0.0,
                        "z" : 0.0
                    },

                    "scale" : 0.5
                },

                "hidden" : false
            }
        ]
    },

    {
        "name": "Step 3",
        "description": "This is step 3 description",
        "preview_url": "slide3.jpg",
        "assets": 
        [
            {
                "name": "slide3_asset",
                "media" : 
                {
                    "type" : 0, 
                    "url" : "slide3.jpg",
                    "description" : "Image3 description"
                },

                "transform" : 
                {
                    "position" : 
                    {
                        "x" : -0.5,
                        "y" : 0.0,
                        "z" : 0.0
                    },

                    "orientation":
                    {
                        "x" : 0.0,
                        "y" : 0.0,
                        "z" : 0.0
                    },

                    "scale" : 0.7
                },

                "hidden" : false
            }
        ]
    },

    {
        "name": "Step 4",
        "description": "This is step 2 description",
        "preview_url": "duck.jpg",
        "assets": 
        [
            {
                "name": "text4",
                "media" : 
                {
                    "type" : 4, 
                    "url" : "",
                    "description" : "Some cool text to put on the step. You should do this and that."
                },

                "transform" : 
                {
                    "position" : 
                    {
                        "x" : 0.5,
                        "y" : 0.0,
                        "z" : 0.0
                    },

                    "orientation":
                    {
                        "x" : 0.0,
                        "y" : 0.0,
                        "z" : 0.0
                    },

                    "scale" : 1.0
                },

                "hidden" : false
            }
        ]
    }
]

